name,email,website
TechNova Solutions,contact@technova.com,https://www.technova.com
BlueWave Analytics,info@bluewaveanalytics.com,https://www.bluewaveanalytics.com
GreenLeaf Systems,support@greenleafsystems.com,https://www.greenleafsystems.com
NextGen Softwares,hello@nextgensoft.com,https://www.nextgensoft.com
BrightPath Technologies,admin@brightpathtech.com,https://www.brightpathtech.com
CloudSphere Labs,team@cloudsphere.com,https://www.cloudsphere.com
DataBridge Corp,sales@databridgecorp.com,https://www.databridgecorp.com
PixelCraft Studios,contact@pixelcraftstudios.com,https://www.pixelcraftstudios.com
QuantumEdge AI,info@quantumedgeai.com,https://www.quantumedgeai.com
Skyline Innovations,admin@skylineinnovations.com,https://www.skylineinnovations.com
